Label,N,GFLOPS
fma dgemm,128,116.293862
fma dgemm,512,315.783692
fma dgemm,1024,288.013924
fma dgemm,2048,295.711044
fma dgemm,4096,254.687373
MKL,128,254.620037
MKL,512,295.950738
MKL,1024,315.504504
MKL,2048,335.696999
MKL,4096,516.909346
