Label,N,GFLOPS
fma dgemm,128,214.072589
fma opt fast dgemm,128,26.882918
fma dgemm,512,220.822726
fma opt fast dgemm,512,44.615985
fma dgemm,1024,125.120178
fma opt fast dgemm,1024,71.567230
fma dgemm,2048,51.236091
fma opt fast dgemm,2048,69.011937
MKL,128,226.981366
MKL,512,342.658679
MKL,1024,340.473160
MKL,2048,337.780857
MKL,4096,367.739015
